Pokemon,Image,Rank,ID,Pre-Evolution,Pre-Evolution Image,Pre-Evolution ID,Evolved?
Clodsire,https://raw.githubusercontent.com/PokeAPI/sprites/master/sprites/pokemon/other/official-artwork/980.png,1,980,Wooper,https://raw.githubusercontent.com/PokeAPI/sprites/master/sprites/pokemon/other/official-artwork/194.png,194,-1
Mandibuzz,https://raw.githubusercontent.com/PokeAPI/sprites/master/sprites/pokemon/other/official-artwork/630.png,2,630,Vullaby,https://raw.githubusercontent.com/PokeAPI/sprites/master/sprites/pokemon/other/official-artwork/629.png,629,-1
Feraligatr,https://raw.githubusercontent.com/PokeAPI/sprites/master/sprites/pokemon/other/official-artwork/160.png,3,160,Totodile,https://raw.githubusercontent.com/PokeAPI/sprites/master/sprites/pokemon/other/official-artwork/158.png,158,-1
Gastrodon,https://raw.githubusercontent.com/PokeAPI/sprites/master/sprites/pokemon/other/official-artwork/423.png,4,423,Shellos,https://raw.githubusercontent.com/PokeAPI/sprites/master/sprites/pokemon/other/official-artwork/422.png,422,-1
Diggersby,https://raw.githubusercontent.com/PokeAPI/sprites/master/sprites/pokemon/other/official-artwork/660.png,5,660,Bunnelby,https://raw.githubusercontent.com/PokeAPI/sprites/master/sprites/pokemon/other/official-artwork/659.png,659,-1
Carbink,https://raw.githubusercontent.com/PokeAPI/sprites/master/sprites/pokemon/other/official-artwork/703.png,6,703,Null,,,-1
Quagsire,https://raw.githubusercontent.com/PokeAPI/sprites/master/sprites/pokemon/other/official-artwork/195.png,7,195,Wooper,https://raw.githubusercontent.com/PokeAPI/sprites/master/sprites/pokemon/other/official-artwork/194.png,194,-1
Azumarill,https://raw.githubusercontent.com/PokeAPI/sprites/master/sprites/pokemon/other/official-artwork/184.png,8,184,Azurill,https://raw.githubusercontent.com/PokeAPI/sprites/master/sprites/pokemon/other/official-artwork/298.png,298,-1
Malamar,https://raw.githubusercontent.com/PokeAPI/sprites/master/sprites/pokemon/other/official-artwork/687.png,9,687,Inkay,https://raw.githubusercontent.com/PokeAPI/sprites/master/sprites/pokemon/other/official-artwork/686.png,686,-1
Pangoro,https://raw.githubusercontent.com/PokeAPI/sprites/master/sprites/pokemon/other/official-artwork/675.png,10,675,Pancham,https://raw.githubusercontent.com/PokeAPI/sprites/master/sprites/pokemon/other/official-artwork/674.png,674,-1
Marowak,https://raw.githubusercontent.com/PokeAPI/sprites/master/sprites/pokemon/other/official-artwork/105.png,11,105,Cubone,https://raw.githubusercontent.com/PokeAPI/sprites/master/sprites/pokemon/other/official-artwork/104.png,104,-1
Toxapex,https://raw.githubusercontent.com/PokeAPI/sprites/master/sprites/pokemon/other/official-artwork/748.png,12,748,Mareanie,https://raw.githubusercontent.com/PokeAPI/sprites/master/sprites/pokemon/other/official-artwork/747.png,747,-1
Jumpluff,https://raw.githubusercontent.com/PokeAPI/sprites/master/sprites/pokemon/other/official-artwork/189.png,13,189,Hoppip,https://raw.githubusercontent.com/PokeAPI/sprites/master/sprites/pokemon/other/official-artwork/187.png,187,-1
Dunsparce,https://raw.githubusercontent.com/PokeAPI/sprites/master/sprites/pokemon/other/official-artwork/206.png,14,206,Null,,,-1
Bastiodon,https://raw.githubusercontent.com/PokeAPI/sprites/master/sprites/pokemon/other/official-artwork/411.png,15,411,Shieldon,https://raw.githubusercontent.com/PokeAPI/sprites/master/sprites/pokemon/other/official-artwork/410.png,410,-1
Clefable,https://raw.githubusercontent.com/PokeAPI/sprites/master/sprites/pokemon/other/official-artwork/36.png,16,36,Cleffa,https://raw.githubusercontent.com/PokeAPI/sprites/master/sprites/pokemon/other/official-artwork/173.png,173,-1
Machamp,https://raw.githubusercontent.com/PokeAPI/sprites/master/sprites/pokemon/other/official-artwork/68.png,17,68,Machop,https://raw.githubusercontent.com/PokeAPI/sprites/master/sprites/pokemon/other/official-artwork/66.png,66,-1
Drapion,https://raw.githubusercontent.com/PokeAPI/sprites/master/sprites/pokemon/other/official-artwork/452.png,18,452,Skorupi,https://raw.githubusercontent.com/PokeAPI/sprites/master/sprites/pokemon/other/official-artwork/451.png,451,-1
Gallade,https://raw.githubusercontent.com/PokeAPI/sprites/master/sprites/pokemon/other/official-artwork/475.png,19,475,Ralts,https://raw.githubusercontent.com/PokeAPI/sprites/master/sprites/pokemon/other/official-artwork/280.png,280,-1
Aurorus,https://raw.githubusercontent.com/PokeAPI/sprites/master/sprites/pokemon/other/official-artwork/699.png,20,699,Amaura,https://raw.githubusercontent.com/PokeAPI/sprites/master/sprites/pokemon/other/official-artwork/698.png,698,-1
Lickilicky,https://raw.githubusercontent.com/PokeAPI/sprites/master/sprites/pokemon/other/official-artwork/463.png,21,463,Lickitung,https://raw.githubusercontent.com/PokeAPI/sprites/master/sprites/pokemon/other/official-artwork/108.png,108,-1
Machoke,https://raw.githubusercontent.com/PokeAPI/sprites/master/sprites/pokemon/other/official-artwork/67.png,22,67,Machop,https://raw.githubusercontent.com/PokeAPI/sprites/master/sprites/pokemon/other/official-artwork/66.png,66,-1
Guzzlord,https://raw.githubusercontent.com/PokeAPI/sprites/master/sprites/pokemon/other/official-artwork/799.png,23,799,Null,,,-1
Sandslash,https://raw.githubusercontent.com/PokeAPI/sprites/master/sprites/pokemon/other/official-artwork/28.png,24,28,Sandshrew,https://raw.githubusercontent.com/PokeAPI/sprites/master/sprites/pokemon/other/official-artwork/27.png,27,-1
Registeel,https://raw.githubusercontent.com/PokeAPI/sprites/master/sprites/pokemon/other/official-artwork/379.png,25,379,Null,,,-1
Golurk,https://raw.githubusercontent.com/PokeAPI/sprites/master/sprites/pokemon/other/official-artwork/623.png,26,623,Golett,https://raw.githubusercontent.com/PokeAPI/sprites/master/sprites/pokemon/other/official-artwork/622.png,622,-1
Steelix,https://raw.githubusercontent.com/PokeAPI/sprites/master/sprites/pokemon/other/official-artwork/208.png,27,208,Onix,https://raw.githubusercontent.com/PokeAPI/sprites/master/sprites/pokemon/other/official-artwork/95.png,95,-1
Qwilfish,https://raw.githubusercontent.com/PokeAPI/sprites/master/sprites/pokemon/other/official-artwork/211.png,28,211,Null,,,-1
Samurott,https://raw.githubusercontent.com/PokeAPI/sprites/master/sprites/pokemon/other/official-artwork/503.png,29,503,Oshawott,https://raw.githubusercontent.com/PokeAPI/sprites/master/sprites/pokemon/other/official-artwork/501.png,501,-1
Walrein,https://raw.githubusercontent.com/PokeAPI/sprites/master/sprites/pokemon/other/official-artwork/365.png,30,365,Spheal,https://raw.githubusercontent.com/PokeAPI/sprites/master/sprites/pokemon/other/official-artwork/363.png,363,-1
Greninja,https://raw.githubusercontent.com/PokeAPI/sprites/master/sprites/pokemon/other/official-artwork/658.png,31,658,Froakie,https://raw.githubusercontent.com/PokeAPI/sprites/master/sprites/pokemon/other/official-artwork/656.png,656,-1
Arctibax,https://raw.githubusercontent.com/PokeAPI/sprites/master/sprites/pokemon/other/official-artwork/997.png,32,997,Frigibax,https://raw.githubusercontent.com/PokeAPI/sprites/master/sprites/pokemon/other/official-artwork/996.png,996,-1
Goodra,https://raw.githubusercontent.com/PokeAPI/sprites/master/sprites/pokemon/other/official-artwork/706.png,33,706,Goomy,https://raw.githubusercontent.com/PokeAPI/sprites/master/sprites/pokemon/other/official-artwork/704.png,704,-1
Hakamo-o,https://raw.githubusercontent.com/PokeAPI/sprites/master/sprites/pokemon/other/official-artwork/783.png,34,783,Jangmo-o,https://raw.githubusercontent.com/PokeAPI/sprites/master/sprites/pokemon/other/official-artwork/782.png,782,-1
Primeape,https://raw.githubusercontent.com/PokeAPI/sprites/master/sprites/pokemon/other/official-artwork/57.png,35,57,Mankey,https://raw.githubusercontent.com/PokeAPI/sprites/master/sprites/pokemon/other/official-artwork/56.png,56,-1
Serperior,https://raw.githubusercontent.com/PokeAPI/sprites/master/sprites/pokemon/other/official-artwork/497.png,36,497,Snivy,https://raw.githubusercontent.com/PokeAPI/sprites/master/sprites/pokemon/other/official-artwork/495.png,495,-1
Whiscash,https://raw.githubusercontent.com/PokeAPI/sprites/master/sprites/pokemon/other/official-artwork/340.png,37,340,Barboach,https://raw.githubusercontent.com/PokeAPI/sprites/master/sprites/pokemon/other/official-artwork/339.png,339,-1
Hippowdon,https://raw.githubusercontent.com/PokeAPI/sprites/master/sprites/pokemon/other/official-artwork/450.png,38,450,Hippopotas,https://raw.githubusercontent.com/PokeAPI/sprites/master/sprites/pokemon/other/official-artwork/449.png,449,-1
Weezing,https://raw.githubusercontent.com/PokeAPI/sprites/master/sprites/pokemon/other/official-artwork/110.png,39,110,Koffing,https://raw.githubusercontent.com/PokeAPI/sprites/master/sprites/pokemon/other/official-artwork/109.png,109,-1
Regirock,https://raw.githubusercontent.com/PokeAPI/sprites/master/sprites/pokemon/other/official-artwork/377.png,40,377,Null,,,-1
Donphan,https://raw.githubusercontent.com/PokeAPI/sprites/master/sprites/pokemon/other/official-artwork/232.png,41,232,Phanpy,https://raw.githubusercontent.com/PokeAPI/sprites/master/sprites/pokemon/other/official-artwork/231.png,231,-1
Ursaring,https://raw.githubusercontent.com/PokeAPI/sprites/master/sprites/pokemon/other/official-artwork/217.png,42,217,Teddiursa,https://raw.githubusercontent.com/PokeAPI/sprites/master/sprites/pokemon/other/official-artwork/216.png,216,-1
Miltank,https://raw.githubusercontent.com/PokeAPI/sprites/master/sprites/pokemon/other/official-artwork/241.png,43,241,Null,,,-1
Moltres,https://raw.githubusercontent.com/PokeAPI/sprites/master/sprites/pokemon/other/official-artwork/146.png,44,146,Null,,,-1
Chesnaught,https://raw.githubusercontent.com/PokeAPI/sprites/master/sprites/pokemon/other/official-artwork/652.png,45,652,Chespin,https://raw.githubusercontent.com/PokeAPI/sprites/master/sprites/pokemon/other/official-artwork/650.png,650,-1
Dewgong,https://raw.githubusercontent.com/PokeAPI/sprites/master/sprites/pokemon/other/official-artwork/87.png,46,87,Seel,https://raw.githubusercontent.com/PokeAPI/sprites/master/sprites/pokemon/other/official-artwork/86.png,86,-1
Swampert,https://raw.githubusercontent.com/PokeAPI/sprites/master/sprites/pokemon/other/official-artwork/260.png,47,260,Mudkip,https://raw.githubusercontent.com/PokeAPI/sprites/master/sprites/pokemon/other/official-artwork/258.png,258,-1
Florges,https://raw.githubusercontent.com/PokeAPI/sprites/master/sprites/pokemon/other/official-artwork/671.png,48,671,Flabebe,https://raw.githubusercontent.com/PokeAPI/sprites/master/sprites/pokemon/other/official-artwork/669.png,669,-1
Sableye,https://raw.githubusercontent.com/PokeAPI/sprites/master/sprites/pokemon/other/official-artwork/302.png,49,302,Null,,,-1
Wigglytuff,https://raw.githubusercontent.com/PokeAPI/sprites/master/sprites/pokemon/other/official-artwork/40.png,50,40,Igglybuff,https://raw.githubusercontent.com/PokeAPI/sprites/master/sprites/pokemon/other/official-artwork/174.png,174,-1
Abomasnow,https://raw.githubusercontent.com/PokeAPI/sprites/master/sprites/pokemon/other/official-artwork/460.png,51,460,Snover,https://raw.githubusercontent.com/PokeAPI/sprites/master/sprites/pokemon/other/official-artwork/459.png,459,-1
Zweilous,https://raw.githubusercontent.com/PokeAPI/sprites/master/sprites/pokemon/other/official-artwork/634.png,52,634,Deino,https://raw.githubusercontent.com/PokeAPI/sprites/master/sprites/pokemon/other/official-artwork/633.png,633,-1
Cresselia,https://raw.githubusercontent.com/PokeAPI/sprites/master/sprites/pokemon/other/official-artwork/488.png,53,488,Null,,,-1
Kommo-o,https://raw.githubusercontent.com/PokeAPI/sprites/master/sprites/pokemon/other/official-artwork/784.png,54,784,Jangmo-o,https://raw.githubusercontent.com/PokeAPI/sprites/master/sprites/pokemon/other/official-artwork/782.png,782,-1
Lanturn,https://raw.githubusercontent.com/PokeAPI/sprites/master/sprites/pokemon/other/official-artwork/171.png,55,171,Chinchou,https://raw.githubusercontent.com/PokeAPI/sprites/master/sprites/pokemon/other/official-artwork/170.png,170,-1
Togetic,https://raw.githubusercontent.com/PokeAPI/sprites/master/sprites/pokemon/other/official-artwork/176.png,56,176,Togepi,https://raw.githubusercontent.com/PokeAPI/sprites/master/sprites/pokemon/other/official-artwork/175.png,175,-1
Gogoat,https://raw.githubusercontent.com/PokeAPI/sprites/master/sprites/pokemon/other/official-artwork/673.png,57,673,Skiddo,https://raw.githubusercontent.com/PokeAPI/sprites/master/sprites/pokemon/other/official-artwork/672.png,672,-1
Umbreon,https://raw.githubusercontent.com/PokeAPI/sprites/master/sprites/pokemon/other/official-artwork/197.png,58,197,Eevee,https://raw.githubusercontent.com/PokeAPI/sprites/master/sprites/pokemon/other/official-artwork/133.png,133,-1
Whimsicott,https://raw.githubusercontent.com/PokeAPI/sprites/master/sprites/pokemon/other/official-artwork/547.png,59,547,Cottonee,https://raw.githubusercontent.com/PokeAPI/sprites/master/sprites/pokemon/other/official-artwork/546.png,546,-1
Dragonair,https://raw.githubusercontent.com/PokeAPI/sprites/master/sprites/pokemon/other/official-artwork/148.png,60,148,Dratini,https://raw.githubusercontent.com/PokeAPI/sprites/master/sprites/pokemon/other/official-artwork/147.png,147,-1
Lickitung,https://raw.githubusercontent.com/PokeAPI/sprites/master/sprites/pokemon/other/official-artwork/108.png,61,108,Null,,,-1
Dusknoir,https://raw.githubusercontent.com/PokeAPI/sprites/master/sprites/pokemon/other/official-artwork/477.png,62,477,Duskull,https://raw.githubusercontent.com/PokeAPI/sprites/master/sprites/pokemon/other/official-artwork/355.png,355,-1
Ariados,https://raw.githubusercontent.com/PokeAPI/sprites/master/sprites/pokemon/other/official-artwork/168.png,63,168,Spinarak,https://raw.githubusercontent.com/PokeAPI/sprites/master/sprites/pokemon/other/official-artwork/167.png,167,-1
Runerigus,https://raw.githubusercontent.com/PokeAPI/sprites/master/sprites/pokemon/other/official-artwork/867.png,64,867,Yamask,https://raw.githubusercontent.com/PokeAPI/sprites/master/sprites/pokemon/other/official-artwork/562.png,562,-1
Skarmory,https://raw.githubusercontent.com/PokeAPI/sprites/master/sprites/pokemon/other/official-artwork/227.png,65,227,Null,,,-1
Stunfisk,https://raw.githubusercontent.com/PokeAPI/sprites/master/sprites/pokemon/other/official-artwork/618.png,66,618,Null,,,-1
Togedemaru,https://raw.githubusercontent.com/PokeAPI/sprites/master/sprites/pokemon/other/official-artwork/777.png,67,777,Null,,,-1
Talonflame,https://raw.githubusercontent.com/PokeAPI/sprites/master/sprites/pokemon/other/official-artwork/663.png,68,663,Fletchling,https://raw.githubusercontent.com/PokeAPI/sprites/master/sprites/pokemon/other/official-artwork/661.png,661,-1
Skuntank,https://raw.githubusercontent.com/PokeAPI/sprites/master/sprites/pokemon/other/official-artwork/435.png,69,435,Stunky,https://raw.githubusercontent.com/PokeAPI/sprites/master/sprites/pokemon/other/official-artwork/434.png,434,-1
Meganium,https://raw.githubusercontent.com/PokeAPI/sprites/master/sprites/pokemon/other/official-artwork/154.png,70,154,Chikorita,https://raw.githubusercontent.com/PokeAPI/sprites/master/sprites/pokemon/other/official-artwork/152.png,152,-1
Ninetales,https://raw.githubusercontent.com/PokeAPI/sprites/master/sprites/pokemon/other/official-artwork/38.png,71,38,Vulpix,https://raw.githubusercontent.com/PokeAPI/sprites/master/sprites/pokemon/other/official-artwork/37.png,37,-1
Lurantis,https://raw.githubusercontent.com/PokeAPI/sprites/master/sprites/pokemon/other/official-artwork/754.png,72,754,Fomantis,https://raw.githubusercontent.com/PokeAPI/sprites/master/sprites/pokemon/other/official-artwork/753.png,753,-1
Drifblim,https://raw.githubusercontent.com/PokeAPI/sprites/master/sprites/pokemon/other/official-artwork/426.png,73,426,Drifloon,https://raw.githubusercontent.com/PokeAPI/sprites/master/sprites/pokemon/other/official-artwork/425.png,425,-1
Venusaur,https://raw.githubusercontent.com/PokeAPI/sprites/master/sprites/pokemon/other/official-artwork/3.png,74,3,Bulbasaur,https://raw.githubusercontent.com/PokeAPI/sprites/master/sprites/pokemon/other/official-artwork/1.png,1,-1
Cetoddle,https://raw.githubusercontent.com/PokeAPI/sprites/master/sprites/pokemon/other/official-artwork/974.png,75,974,Null,,,-1
Ferrothorn,https://raw.githubusercontent.com/PokeAPI/sprites/master/sprites/pokemon/other/official-artwork/598.png,76,598,Ferroseed,https://raw.githubusercontent.com/PokeAPI/sprites/master/sprites/pokemon/other/official-artwork/597.png,597,-1
Gligar,https://raw.githubusercontent.com/PokeAPI/sprites/master/sprites/pokemon/other/official-artwork/207.png,77,207,Null,,,-1
Sealeo,https://raw.githubusercontent.com/PokeAPI/sprites/master/sprites/pokemon/other/official-artwork/364.png,78,364,Spheal,https://raw.githubusercontent.com/PokeAPI/sprites/master/sprites/pokemon/other/official-artwork/363.png,363,-1
Castform,https://raw.githubusercontent.com/PokeAPI/sprites/master/sprites/pokemon/other/official-artwork/351.png,79,351,Null,,,-1
Dragonite,https://raw.githubusercontent.com/PokeAPI/sprites/master/sprites/pokemon/other/official-artwork/149.png,80,149,Dratini,https://raw.githubusercontent.com/PokeAPI/sprites/master/sprites/pokemon/other/official-artwork/147.png,147,-1
Overqwil,https://raw.githubusercontent.com/PokeAPI/sprites/master/sprites/pokemon/other/official-artwork/904.png,81,904,Qwilfish,https://raw.githubusercontent.com/PokeAPI/sprites/master/sprites/pokemon/other/official-artwork/211.png,211,-1
Froslass,https://raw.githubusercontent.com/PokeAPI/sprites/master/sprites/pokemon/other/official-artwork/478.png,82,478,Snorunt,https://raw.githubusercontent.com/PokeAPI/sprites/master/sprites/pokemon/other/official-artwork/361.png,361,-1
Charjabug,https://raw.githubusercontent.com/PokeAPI/sprites/master/sprites/pokemon/other/official-artwork/737.png,83,737,Grubbin,https://raw.githubusercontent.com/PokeAPI/sprites/master/sprites/pokemon/other/official-artwork/736.png,736,-1
Lokix,https://raw.githubusercontent.com/PokeAPI/sprites/master/sprites/pokemon/other/official-artwork/920.png,84,920,Nymble,https://raw.githubusercontent.com/PokeAPI/sprites/master/sprites/pokemon/other/official-artwork/919.png,919,-1
Nidorina,https://raw.githubusercontent.com/PokeAPI/sprites/master/sprites/pokemon/other/official-artwork/30.png,85,30,Nidoran-f,https://raw.githubusercontent.com/PokeAPI/sprites/master/sprites/pokemon/other/official-artwork/29.png,29,-1
Cetitan,https://raw.githubusercontent.com/PokeAPI/sprites/master/sprites/pokemon/other/official-artwork/975.png,86,975,Cetoddle,https://raw.githubusercontent.com/PokeAPI/sprites/master/sprites/pokemon/other/official-artwork/974.png,974,-1
Dragalge,https://raw.githubusercontent.com/PokeAPI/sprites/master/sprites/pokemon/other/official-artwork/691.png,87,691,Skrelp,https://raw.githubusercontent.com/PokeAPI/sprites/master/sprites/pokemon/other/official-artwork/690.png,690,-1
Medicham,https://raw.githubusercontent.com/PokeAPI/sprites/master/sprites/pokemon/other/official-artwork/308.png,88,308,Meditite,https://raw.githubusercontent.com/PokeAPI/sprites/master/sprites/pokemon/other/official-artwork/307.png,307,-1
Magnezone,https://raw.githubusercontent.com/PokeAPI/sprites/master/sprites/pokemon/other/official-artwork/462.png,89,462,Magnemite,https://raw.githubusercontent.com/PokeAPI/sprites/master/sprites/pokemon/other/official-artwork/81.png,81,-1
Oranguru,https://raw.githubusercontent.com/PokeAPI/sprites/master/sprites/pokemon/other/official-artwork/765.png,90,765,Null,,,-1
Greedent,https://raw.githubusercontent.com/PokeAPI/sprites/master/sprites/pokemon/other/official-artwork/820.png,91,820,Skwovet,https://raw.githubusercontent.com/PokeAPI/sprites/master/sprites/pokemon/other/official-artwork/819.png,819,-1
Trevenant,https://raw.githubusercontent.com/PokeAPI/sprites/master/sprites/pokemon/other/official-artwork/709.png,92,709,Phantump,https://raw.githubusercontent.com/PokeAPI/sprites/master/sprites/pokemon/other/official-artwork/708.png,708,-1
Araquanid,https://raw.githubusercontent.com/PokeAPI/sprites/master/sprites/pokemon/other/official-artwork/752.png,93,752,Dewpider,https://raw.githubusercontent.com/PokeAPI/sprites/master/sprites/pokemon/other/official-artwork/751.png,751,-1
Leavanny,https://raw.githubusercontent.com/PokeAPI/sprites/master/sprites/pokemon/other/official-artwork/542.png,94,542,Sewaddle,https://raw.githubusercontent.com/PokeAPI/sprites/master/sprites/pokemon/other/official-artwork/540.png,540,-1
Nidoqueen,https://raw.githubusercontent.com/PokeAPI/sprites/master/sprites/pokemon/other/official-artwork/31.png,95,31,Nidoran-f,https://raw.githubusercontent.com/PokeAPI/sprites/master/sprites/pokemon/other/official-artwork/29.png,29,-1
Oinkologne,,96,,null,null,null,-2
Regice,https://raw.githubusercontent.com/PokeAPI/sprites/master/sprites/pokemon/other/official-artwork/378.png,97,378,Null,,,-1
Gengar,https://raw.githubusercontent.com/PokeAPI/sprites/master/sprites/pokemon/other/official-artwork/94.png,98,94,Gastly,https://raw.githubusercontent.com/PokeAPI/sprites/master/sprites/pokemon/other/official-artwork/92.png,92,-1
Munchlax,https://raw.githubusercontent.com/PokeAPI/sprites/master/sprites/pokemon/other/official-artwork/446.png,99,446,Null,,,-1
Golisopod,https://raw.githubusercontent.com/PokeAPI/sprites/master/sprites/pokemon/other/official-artwork/768.png,100,768,Wimpod,https://raw.githubusercontent.com/PokeAPI/sprites/master/sprites/pokemon/other/official-artwork/767.png,767,-1
Perrserker,https://raw.githubusercontent.com/PokeAPI/sprites/master/sprites/pokemon/other/official-artwork/863.png,101,863,Meowth,https://raw.githubusercontent.com/PokeAPI/sprites/master/sprites/pokemon/other/official-artwork/52.png,52,-1
Blastoise,https://raw.githubusercontent.com/PokeAPI/sprites/master/sprites/pokemon/other/official-artwork/9.png,102,9,Squirtle,https://raw.githubusercontent.com/PokeAPI/sprites/master/sprites/pokemon/other/official-artwork/7.png,7,-1
Cofagrigus,https://raw.githubusercontent.com/PokeAPI/sprites/master/sprites/pokemon/other/official-artwork/563.png,103,563,Yamask,https://raw.githubusercontent.com/PokeAPI/sprites/master/sprites/pokemon/other/official-artwork/562.png,562,-1
Hydreigon,https://raw.githubusercontent.com/PokeAPI/sprites/master/sprites/pokemon/other/official-artwork/635.png,104,635,Deino,https://raw.githubusercontent.com/PokeAPI/sprites/master/sprites/pokemon/other/official-artwork/633.png,633,-1
Spiritomb,https://raw.githubusercontent.com/PokeAPI/sprites/master/sprites/pokemon/other/official-artwork/442.png,105,442,Null,,,-1
Decidueye,https://raw.githubusercontent.com/PokeAPI/sprites/master/sprites/pokemon/other/official-artwork/724.png,106,724,Rowlet,https://raw.githubusercontent.com/PokeAPI/sprites/master/sprites/pokemon/other/official-artwork/722.png,722,-1
Dugtrio,https://raw.githubusercontent.com/PokeAPI/sprites/master/sprites/pokemon/other/official-artwork/51.png,107,51,Diglett,https://raw.githubusercontent.com/PokeAPI/sprites/master/sprites/pokemon/other/official-artwork/50.png,50,-1
Flygon,https://raw.githubusercontent.com/PokeAPI/sprites/master/sprites/pokemon/other/official-artwork/330.png,108,330,Trapinch,https://raw.githubusercontent.com/PokeAPI/sprites/master/sprites/pokemon/other/official-artwork/328.png,328,-1
Salazzle,https://raw.githubusercontent.com/PokeAPI/sprites/master/sprites/pokemon/other/official-artwork/758.png,109,758,Salandit,https://raw.githubusercontent.com/PokeAPI/sprites/master/sprites/pokemon/other/official-artwork/757.png,757,-1
Emolga,https://raw.githubusercontent.com/PokeAPI/sprites/master/sprites/pokemon/other/official-artwork/587.png,110,587,Null,,,-1
Empoleon,https://raw.githubusercontent.com/PokeAPI/sprites/master/sprites/pokemon/other/official-artwork/395.png,111,395,Piplup,https://raw.githubusercontent.com/PokeAPI/sprites/master/sprites/pokemon/other/official-artwork/393.png,393,-1
Giratina,,112,,null,null,null,-2
Pachirisu,https://raw.githubusercontent.com/PokeAPI/sprites/master/sprites/pokemon/other/official-artwork/417.png,113,417,Null,,,-1
Raticate,https://raw.githubusercontent.com/PokeAPI/sprites/master/sprites/pokemon/other/official-artwork/20.png,114,20,Rattata,https://raw.githubusercontent.com/PokeAPI/sprites/master/sprites/pokemon/other/official-artwork/19.png,19,-1
Tentacruel,https://raw.githubusercontent.com/PokeAPI/sprites/master/sprites/pokemon/other/official-artwork/73.png,115,73,Tentacool,https://raw.githubusercontent.com/PokeAPI/sprites/master/sprites/pokemon/other/official-artwork/72.png,72,-1
Tropius,https://raw.githubusercontent.com/PokeAPI/sprites/master/sprites/pokemon/other/official-artwork/357.png,116,357,Null,,,-1
Cradily,https://raw.githubusercontent.com/PokeAPI/sprites/master/sprites/pokemon/other/official-artwork/346.png,117,346,Lileep,https://raw.githubusercontent.com/PokeAPI/sprites/master/sprites/pokemon/other/official-artwork/345.png,345,-1
Zapdos,https://raw.githubusercontent.com/PokeAPI/sprites/master/sprites/pokemon/other/official-artwork/145.png,118,145,Null,,,-1
Golett,https://raw.githubusercontent.com/PokeAPI/sprites/master/sprites/pokemon/other/official-artwork/622.png,119,622,Null,,,-1
Hawlucha,https://raw.githubusercontent.com/PokeAPI/sprites/master/sprites/pokemon/other/official-artwork/701.png,120,701,Null,,,-1
Machop,https://raw.githubusercontent.com/PokeAPI/sprites/master/sprites/pokemon/other/official-artwork/66.png,121,66,Null,,,-1
Poliwrath,https://raw.githubusercontent.com/PokeAPI/sprites/master/sprites/pokemon/other/official-artwork/62.png,122,62,Poliwag,https://raw.githubusercontent.com/PokeAPI/sprites/master/sprites/pokemon/other/official-artwork/60.png,60,-1
Altaria,https://raw.githubusercontent.com/PokeAPI/sprites/master/sprites/pokemon/other/official-artwork/334.png,123,334,Swablu,https://raw.githubusercontent.com/PokeAPI/sprites/master/sprites/pokemon/other/official-artwork/333.png,333,-1
Marshtomp,https://raw.githubusercontent.com/PokeAPI/sprites/master/sprites/pokemon/other/official-artwork/259.png,124,259,Mudkip,https://raw.githubusercontent.com/PokeAPI/sprites/master/sprites/pokemon/other/official-artwork/258.png,258,-1
Jellicent,https://raw.githubusercontent.com/PokeAPI/sprites/master/sprites/pokemon/other/official-artwork/593.png,125,593,Frillish,https://raw.githubusercontent.com/PokeAPI/sprites/master/sprites/pokemon/other/official-artwork/592.png,592,-1
Amaura,https://raw.githubusercontent.com/PokeAPI/sprites/master/sprites/pokemon/other/official-artwork/698.png,126,698,Null,,,-1
Mawile,https://raw.githubusercontent.com/PokeAPI/sprites/master/sprites/pokemon/other/official-artwork/303.png,127,303,Null,,,-1
Annihilape,https://raw.githubusercontent.com/PokeAPI/sprites/master/sprites/pokemon/other/official-artwork/979.png,128,979,Mankey,https://raw.githubusercontent.com/PokeAPI/sprites/master/sprites/pokemon/other/official-artwork/56.png,56,-1
Politoed,https://raw.githubusercontent.com/PokeAPI/sprites/master/sprites/pokemon/other/official-artwork/186.png,129,186,Poliwag,https://raw.githubusercontent.com/PokeAPI/sprites/master/sprites/pokemon/other/official-artwork/60.png,60,-1
Baxcalibur,https://raw.githubusercontent.com/PokeAPI/sprites/master/sprites/pokemon/other/official-artwork/998.png,130,998,Frigibax,https://raw.githubusercontent.com/PokeAPI/sprites/master/sprites/pokemon/other/official-artwork/996.png,996,-1
Furfrou,https://raw.githubusercontent.com/PokeAPI/sprites/master/sprites/pokemon/other/official-artwork/676.png,131,676,Null,,,-1
Beedrill,https://raw.githubusercontent.com/PokeAPI/sprites/master/sprites/pokemon/other/official-artwork/15.png,132,15,Weedle,https://raw.githubusercontent.com/PokeAPI/sprites/master/sprites/pokemon/other/official-artwork/13.png,13,-1
Dubwool,https://raw.githubusercontent.com/PokeAPI/sprites/master/sprites/pokemon/other/official-artwork/832.png,133,832,Wooloo,https://raw.githubusercontent.com/PokeAPI/sprites/master/sprites/pokemon/other/official-artwork/831.png,831,-1
Morpeko,,134,,null,null,null,-2
Rapidash,https://raw.githubusercontent.com/PokeAPI/sprites/master/sprites/pokemon/other/official-artwork/78.png,135,78,Ponyta,https://raw.githubusercontent.com/PokeAPI/sprites/master/sprites/pokemon/other/official-artwork/77.png,77,-1
Scizor,https://raw.githubusercontent.com/PokeAPI/sprites/master/sprites/pokemon/other/official-artwork/212.png,136,212,Scyther,https://raw.githubusercontent.com/PokeAPI/sprites/master/sprites/pokemon/other/official-artwork/123.png,123,-1
Seaking,https://raw.githubusercontent.com/PokeAPI/sprites/master/sprites/pokemon/other/official-artwork/119.png,137,119,Goldeen,https://raw.githubusercontent.com/PokeAPI/sprites/master/sprites/pokemon/other/official-artwork/118.png,118,-1
Dewott,https://raw.githubusercontent.com/PokeAPI/sprites/master/sprites/pokemon/other/official-artwork/502.png,138,502,Oshawott,https://raw.githubusercontent.com/PokeAPI/sprites/master/sprites/pokemon/other/official-artwork/501.png,501,-1
Mantine,https://raw.githubusercontent.com/PokeAPI/sprites/master/sprites/pokemon/other/official-artwork/226.png,139,226,Mantyke,https://raw.githubusercontent.com/PokeAPI/sprites/master/sprites/pokemon/other/official-artwork/458.png,458,-1
Pelipper,https://raw.githubusercontent.com/PokeAPI/sprites/master/sprites/pokemon/other/official-artwork/279.png,140,279,Wingull,https://raw.githubusercontent.com/PokeAPI/sprites/master/sprites/pokemon/other/official-artwork/278.png,278,-1
Relicanth,https://raw.githubusercontent.com/PokeAPI/sprites/master/sprites/pokemon/other/official-artwork/369.png,141,369,Null,,,-1
Dragapult,https://raw.githubusercontent.com/PokeAPI/sprites/master/sprites/pokemon/other/official-artwork/887.png,142,887,Dreepy,https://raw.githubusercontent.com/PokeAPI/sprites/master/sprites/pokemon/other/official-artwork/885.png,885,-1
Grimer,https://raw.githubusercontent.com/PokeAPI/sprites/master/sprites/pokemon/other/official-artwork/88.png,143,88,Null,,,-1
Vaporeon,https://raw.githubusercontent.com/PokeAPI/sprites/master/sprites/pokemon/other/official-artwork/134.png,144,134,Eevee,https://raw.githubusercontent.com/PokeAPI/sprites/master/sprites/pokemon/other/official-artwork/133.png,133,-1
Klefki,https://raw.githubusercontent.com/PokeAPI/sprites/master/sprites/pokemon/other/official-artwork/707.png,145,707,Null,,,-1
Typhlosion,https://raw.githubusercontent.com/PokeAPI/sprites/master/sprites/pokemon/other/official-artwork/157.png,146,157,Cyndaquil,https://raw.githubusercontent.com/PokeAPI/sprites/master/sprites/pokemon/other/official-artwork/155.png,155,-1
Scrafty,https://raw.githubusercontent.com/PokeAPI/sprites/master/sprites/pokemon/other/official-artwork/560.png,147,560,Scraggy,https://raw.githubusercontent.com/PokeAPI/sprites/master/sprites/pokemon/other/official-artwork/559.png,559,-1
Magmar,https://raw.githubusercontent.com/PokeAPI/sprites/master/sprites/pokemon/other/official-artwork/126.png,148,126,Magby,https://raw.githubusercontent.com/PokeAPI/sprites/master/sprites/pokemon/other/official-artwork/240.png,240,-1
Swalot,https://raw.githubusercontent.com/PokeAPI/sprites/master/sprites/pokemon/other/official-artwork/317.png,149,317,Gulpin,https://raw.githubusercontent.com/PokeAPI/sprites/master/sprites/pokemon/other/official-artwork/316.png,316,-1
Tapu,,150,,null,null,null,-2
Amoonguss,https://raw.githubusercontent.com/PokeAPI/sprites/master/sprites/pokemon/other/official-artwork/591.png,151,591,Foongus,https://raw.githubusercontent.com/PokeAPI/sprites/master/sprites/pokemon/other/official-artwork/590.png,590,-1
Sneasler,https://raw.githubusercontent.com/PokeAPI/sprites/master/sprites/pokemon/other/official-artwork/903.png,152,903,Sneasel,https://raw.githubusercontent.com/PokeAPI/sprites/master/sprites/pokemon/other/official-artwork/215.png,215,-1
Turtonator,https://raw.githubusercontent.com/PokeAPI/sprites/master/sprites/pokemon/other/official-artwork/776.png,153,776,Null,,,-1
Genesect,https://raw.githubusercontent.com/PokeAPI/sprites/master/sprites/pokemon/other/official-artwork/649.png,154,649,Null,,,-1
Gliscor,https://raw.githubusercontent.com/PokeAPI/sprites/master/sprites/pokemon/other/official-artwork/472.png,155,472,Gligar,https://raw.githubusercontent.com/PokeAPI/sprites/master/sprites/pokemon/other/official-artwork/207.png,207,-1
Golem,https://raw.githubusercontent.com/PokeAPI/sprites/master/sprites/pokemon/other/official-artwork/76.png,156,76,Geodude,https://raw.githubusercontent.com/PokeAPI/sprites/master/sprites/pokemon/other/official-artwork/74.png,74,-1
Skeledirge,https://raw.githubusercontent.com/PokeAPI/sprites/master/sprites/pokemon/other/official-artwork/911.png,157,911,Fuecoco,https://raw.githubusercontent.com/PokeAPI/sprites/master/sprites/pokemon/other/official-artwork/909.png,909,-1
Staravia,https://raw.githubusercontent.com/PokeAPI/sprites/master/sprites/pokemon/other/official-artwork/397.png,158,397,Starly,https://raw.githubusercontent.com/PokeAPI/sprites/master/sprites/pokemon/other/official-artwork/396.png,396,-1
Furret,https://raw.githubusercontent.com/PokeAPI/sprites/master/sprites/pokemon/other/official-artwork/162.png,159,162,Sentret,https://raw.githubusercontent.com/PokeAPI/sprites/master/sprites/pokemon/other/official-artwork/161.png,161,-1
Lileep,https://raw.githubusercontent.com/PokeAPI/sprites/master/sprites/pokemon/other/official-artwork/345.png,160,345,Null,,,-1
Shiftry,https://raw.githubusercontent.com/PokeAPI/sprites/master/sprites/pokemon/other/official-artwork/275.png,161,275,Seedot,https://raw.githubusercontent.com/PokeAPI/sprites/master/sprites/pokemon/other/official-artwork/273.png,273,-1
Snorlax,https://raw.githubusercontent.com/PokeAPI/sprites/master/sprites/pokemon/other/official-artwork/143.png,162,143,Munchlax,https://raw.githubusercontent.com/PokeAPI/sprites/master/sprites/pokemon/other/official-artwork/446.png,446,-1
Wailmer,https://raw.githubusercontent.com/PokeAPI/sprites/master/sprites/pokemon/other/official-artwork/320.png,163,320,Null,,,-1
Electrode,https://raw.githubusercontent.com/PokeAPI/sprites/master/sprites/pokemon/other/official-artwork/101.png,164,101,Voltorb,https://raw.githubusercontent.com/PokeAPI/sprites/master/sprites/pokemon/other/official-artwork/100.png,100,-1
Hippopotas,https://raw.githubusercontent.com/PokeAPI/sprites/master/sprites/pokemon/other/official-artwork/449.png,165,449,Null,,,-1
Victreebel,https://raw.githubusercontent.com/PokeAPI/sprites/master/sprites/pokemon/other/official-artwork/71.png,166,71,Bellsprout,https://raw.githubusercontent.com/PokeAPI/sprites/master/sprites/pokemon/other/official-artwork/69.png,69,-1
Heatran,https://raw.githubusercontent.com/PokeAPI/sprites/master/sprites/pokemon/other/official-artwork/485.png,167,485,Null,,,-1
Barbaracle,https://raw.githubusercontent.com/PokeAPI/sprites/master/sprites/pokemon/other/official-artwork/689.png,168,689,Binacle,https://raw.githubusercontent.com/PokeAPI/sprites/master/sprites/pokemon/other/official-artwork/688.png,688,-1
Bellossom,https://raw.githubusercontent.com/PokeAPI/sprites/master/sprites/pokemon/other/official-artwork/182.png,169,182,Oddish,https://raw.githubusercontent.com/PokeAPI/sprites/master/sprites/pokemon/other/official-artwork/43.png,43,-1
Muk,https://raw.githubusercontent.com/PokeAPI/sprites/master/sprites/pokemon/other/official-artwork/89.png,170,89,Grimer,https://raw.githubusercontent.com/PokeAPI/sprites/master/sprites/pokemon/other/official-artwork/88.png,88,-1
Piloswine,https://raw.githubusercontent.com/PokeAPI/sprites/master/sprites/pokemon/other/official-artwork/221.png,171,221,Swinub,https://raw.githubusercontent.com/PokeAPI/sprites/master/sprites/pokemon/other/official-artwork/220.png,220,-1
Bewear,https://raw.githubusercontent.com/PokeAPI/sprites/master/sprites/pokemon/other/official-artwork/760.png,172,760,Stufful,https://raw.githubusercontent.com/PokeAPI/sprites/master/sprites/pokemon/other/official-artwork/759.png,759,-1
Lucario,https://raw.githubusercontent.com/PokeAPI/sprites/master/sprites/pokemon/other/official-artwork/448.png,173,448,Riolu,https://raw.githubusercontent.com/PokeAPI/sprites/master/sprites/pokemon/other/official-artwork/447.png,447,-1
Rhyperior,https://raw.githubusercontent.com/PokeAPI/sprites/master/sprites/pokemon/other/official-artwork/464.png,174,464,Rhyhorn,https://raw.githubusercontent.com/PokeAPI/sprites/master/sprites/pokemon/other/official-artwork/111.png,111,-1
Sandshrew,https://raw.githubusercontent.com/PokeAPI/sprites/master/sprites/pokemon/other/official-artwork/27.png,175,27,Null,,,-1
Wormadam,,176,,null,null,null,-2
Frigibax,https://raw.githubusercontent.com/PokeAPI/sprites/master/sprites/pokemon/other/official-artwork/996.png,177,996,Null,,,-1
Spinda,https://raw.githubusercontent.com/PokeAPI/sprites/master/sprites/pokemon/other/official-artwork/327.png,178,327,Null,,,-1
Celesteela,https://raw.githubusercontent.com/PokeAPI/sprites/master/sprites/pokemon/other/official-artwork/797.png,179,797,Null,,,-1
Druddigon,https://raw.githubusercontent.com/PokeAPI/sprites/master/sprites/pokemon/other/official-artwork/621.png,180,621,Null,,,-1
Gyarados,https://raw.githubusercontent.com/PokeAPI/sprites/master/sprites/pokemon/other/official-artwork/130.png,181,130,Magikarp,https://raw.githubusercontent.com/PokeAPI/sprites/master/sprites/pokemon/other/official-artwork/129.png,129,-1
Lapras,https://raw.githubusercontent.com/PokeAPI/sprites/master/sprites/pokemon/other/official-artwork/131.png,182,131,Null,,,-1
Noctowl,https://raw.githubusercontent.com/PokeAPI/sprites/master/sprites/pokemon/other/official-artwork/164.png,183,164,Hoothoot,https://raw.githubusercontent.com/PokeAPI/sprites/master/sprites/pokemon/other/official-artwork/163.png,163,-1
Staraptor,https://raw.githubusercontent.com/PokeAPI/sprites/master/sprites/pokemon/other/official-artwork/398.png,184,398,Starly,https://raw.githubusercontent.com/PokeAPI/sprites/master/sprites/pokemon/other/official-artwork/396.png,396,-1
Bellibolt,https://raw.githubusercontent.com/PokeAPI/sprites/master/sprites/pokemon/other/official-artwork/939.png,185,939,Tadbulb,https://raw.githubusercontent.com/PokeAPI/sprites/master/sprites/pokemon/other/official-artwork/938.png,938,-1
Obstagoon,https://raw.githubusercontent.com/PokeAPI/sprites/master/sprites/pokemon/other/official-artwork/862.png,186,862,Zigzagoon,https://raw.githubusercontent.com/PokeAPI/sprites/master/sprites/pokemon/other/official-artwork/263.png,263,-1
Zangoose,https://raw.githubusercontent.com/PokeAPI/sprites/master/sprites/pokemon/other/official-artwork/335.png,187,335,Null,,,-1
Deoxys,,188,,null,null,null,-2
Grovyle,https://raw.githubusercontent.com/PokeAPI/sprites/master/sprites/pokemon/other/official-artwork/253.png,189,253,Treecko,https://raw.githubusercontent.com/PokeAPI/sprites/master/sprites/pokemon/other/official-artwork/252.png,252,-1
Passimian,https://raw.githubusercontent.com/PokeAPI/sprites/master/sprites/pokemon/other/official-artwork/766.png,190,766,Null,,,-1
Fraxure,https://raw.githubusercontent.com/PokeAPI/sprites/master/sprites/pokemon/other/official-artwork/611.png,191,611,Axew,https://raw.githubusercontent.com/PokeAPI/sprites/master/sprites/pokemon/other/official-artwork/610.png,610,-1
Vespiquen,https://raw.githubusercontent.com/PokeAPI/sprites/master/sprites/pokemon/other/official-artwork/416.png,192,416,Combee,https://raw.githubusercontent.com/PokeAPI/sprites/master/sprites/pokemon/other/official-artwork/415.png,415,-1
Forretress,https://raw.githubusercontent.com/PokeAPI/sprites/master/sprites/pokemon/other/official-artwork/205.png,193,205,Pineco,https://raw.githubusercontent.com/PokeAPI/sprites/master/sprites/pokemon/other/official-artwork/204.png,204,-1
Avalugg,https://raw.githubusercontent.com/PokeAPI/sprites/master/sprites/pokemon/other/official-artwork/713.png,194,713,Bergmite,https://raw.githubusercontent.com/PokeAPI/sprites/master/sprites/pokemon/other/official-artwork/712.png,712,-1
Charizard,https://raw.githubusercontent.com/PokeAPI/sprites/master/sprites/pokemon/other/official-artwork/6.png,195,6,Charmander,https://raw.githubusercontent.com/PokeAPI/sprites/master/sprites/pokemon/other/official-artwork/4.png,4,-1
Farfetch'd,,196,,null,null,null,-2
Litleo,https://raw.githubusercontent.com/PokeAPI/sprites/master/sprites/pokemon/other/official-artwork/667.png,197,667,Null,,,-1
Aromatisse,https://raw.githubusercontent.com/PokeAPI/sprites/master/sprites/pokemon/other/official-artwork/683.png,198,683,Spritzee,https://raw.githubusercontent.com/PokeAPI/sprites/master/sprites/pokemon/other/official-artwork/682.png,682,-1
Kangaskhan,https://raw.githubusercontent.com/PokeAPI/sprites/master/sprites/pokemon/other/official-artwork/115.png,199,115,Null,,,-1
Leafeon,https://raw.githubusercontent.com/PokeAPI/sprites/master/sprites/pokemon/other/official-artwork/470.png,200,470,Eevee,https://raw.githubusercontent.com/PokeAPI/sprites/master/sprites/pokemon/other/official-artwork/133.png,133,-1
